{
    "Mentiongift": false,
    "Mentionkick": false,
    "Respontag": "ngapain lu ngetag gue? Mau bilang kalo lu udah punya pacar? Gue ga butuh info lu. Kalo lu udah punya baru lu boleh tag gue ????dad??",
    "Talkblacklist": {},
    "Talkdblacklist": false,
    "Talkwblacklist": false,
    "addadmin": false,
    "addbots": false,
    "addstaff": false,
    "admin": {},
    "autoAdd": true,
    "autoJoin": true,
    "autoJoinTicket": false,
    "autoLeave": false,
    "autoLeave1": false,
    "blacklist": {
        "u6459106c8251205f79c2f037cd99b6a4": true,
        "u6459106c8251205f79c2f037cd99b6a4": true,
        "u6459106c8251205f79c2f037cd99b6a4": true
    },
    "bots": {},
    "comment": "Like like & like by ZULKIFLI MOKOAGOW",
    "contact": false,
    "dblacklist": false,
    "delladmin": true,
    "dellbots": false,
    "dellstaff": false,
    "detectMention": false,
    "leave": "Good Bye, See You Next Time ??",
    "limit": 1,
    "mention": "read bae, nongol napa bales chat -_-",
    "message": "Thanks For Add Me (^_^)\n\nCreator : http://line.me/ti/p/~linux.1\n\n-AUTO ADD CHAT-",
    "owner": {},
    "selfbot": true,
    "staff": {},
    "sticker": false,
    "talkban": false,
    "unsend": true,
    "wblacklist": false,
    "welcome": "Selamat datang!!!",
    "welcomeOn": true
}
